KAB. AGAM,-0.2209,100.1703
KAB. DHARMASRAYA,-1.1121,101.6158
KAB. KEPULAUAN MENTAWAI,-1.426,98.9245
KAB. LIMA PULUH KOTA,0.0734,100.5296
KAB. PADANG PARIAMAN,-0.5547,100.2152
KAB. PASAMAN,0.2209,100.1703
KAB. PASAMAN BARAT,0.2213,99.6341
KAB. PESISIR SELATAN,-1.7223,100.8903
KAB. SIJUNJUNG,-0.6647,101.0712
KAB. SOLOK,-0.9644,100.8903
KAB. SOLOK SELATAN,-1.4157,101.2524
KAB. TANAH DATAR,-0.4797,100.5746
KOTA BUKITTINGGI,-0.3039,100.3835
KOTA PADANG,-0.9471,100.4172
KOTA PADANGPANJANG,-0.4661,100.3984
KOTA PARIAMAN,-0.6257,100.1233
KOTA PAYAKUMBUH,-0.2298,100.6309
KOTA SAWAHLUNTO,-0.6841,100.7323
KOTA SOLOK,-0.7885,100.655
